Guangzhou;china;guangzhou;canton;70100000;guangzhou0;23.11667;113.25;1;1
Tokyo;japan;tokyo;yokohama;41000000;tokyo0;35.61488;139.5813;1;2
Shanghai;china;shanghai;shanghai;40800000;shanghai0;31.22222;121.45806;2;3
Delhi;india;delhi;delhi;34600000;delhi0;28.66667;77.21667;1;4
Jakarta;indonesia;jakarta;jakarta;29200000;jakarta0;-6.21462;106.84513;1;5
Manila;philippines;manila;quezon;27200000;manila0;14.6042;120.9822;1;6
Mumbai;india;mumbai;bombay;27100000;mumbai0;19.01441;72.84794;2;7
Mexico City;mexico;mexico_city;mexico_city;25100000;mexico_city0;19.42847;-99.12766;1;8
Seoul;south_korea;seoul;incheon;25100000;seoul0;37.56826;126.97783;1;9
Cairo;egypt;cairo;cairo;22500000;cairo0;30.06263;31.24967;1;10
Dhaka;bangladesh;dhaka;dhaka;22500000;dhaka0;23.7104;90.40744;1;11
Sao Paulo;brazil;sao_paulo;sao_paulo;22100000;sao_paulo0;-23.5475;-46.63611;1;12
New York;united_states;new_york;new_york;22000000;new_york0;40.6638332;-73.938484;1;13
Bangkok;thailand;bangkok;bangkok;21200000;bangkok0;13.75;100.51667;1;14
Beijing;china;beijing;beijing;21200000;beijing0;39.9075;116.39723;3;15
Karachi;pakistan;karachi;karachi;20900000;karachi0;24.9056;67.0822;1;16
Lagos;nigeria;lagos;lagos;20700000;lagos0;6.45306;3.39583;1;17
Moscow;russia;moscow;moskva;19100000;moscow0;55.75222;37.61556;1;18
Kolkata;india;kolkata;calcutta;17700000;kolkata0;22.57;88.36;3;19
Osaka;japan;osaka;kobe;17700000;osaka0;34.69374;135.50218;2;20
Chengdu;china;chengdu;chengtu;17300000;chengdu0;30.66667;104.06667;4;21
Los Angeles;united_states;los_angeles;los_angeles;17200000;los_angeles0;34.020479;-118.41173;2;22
Buenos Aires;argentina;buenos_aires;buenos_aires;16700000;buenos_aires0;-34.61315;-58.37723;1;23
Tehran;iran;tehran;tehran;16500000;tehran0;35.69439;51.42151;1;24
Istanbul;turkey;istanbul;istanbul;15900000;istanbul0;41.01384;28.94966;1;25
Kinshasa;democratic_republic_of_the_congo;kinshasa;kinshasa;15600000;kinshasa0;-4.36;15.3;1;26
London;unitedkingdom;london;london;14900000;london0;51.50853;-0.12574;1;27
Xiamen;china;xiamen;xiamen;14900000;xiamen0;24.47979;118.08187;5;28
Johannesburg;south_africa;johannesburg;soweto;14600000;johannesburg0;-26.20227;28.04363;1;29
Lahore;pakistan;lahore;lahore;14500000;lahore0;31.54972;74.34361;2;30
Bengaluru;india;bengaluru;bangalore;14200000;bengaluru0;12.97;77.58;4;31
Hangzhou;china;hangzhou;hangchou;13900000;hangzhou0;30.29365;120.16142;6;32
Ho Chi Minh;vietnam;ho_chi_minh;saigon;13900000;ho_chi_minh0;10.77;106.72;1;33
Xian;china;xian;xian;12800000;xian0;34.27;108.9;7;34
Chennai;india;chennai;madras;12600000;chennai0;13.08784;80.27847;5;35
Rio de Janeiro;brazil;rio;nova_iguacu;12500000;rio_de_janeiro0;-22.90278;-43.2075;2;36
Wuhan;china;wuhan;wuhan;12200000;wuhan0;30.58333;114.26667;8;37
Lima;peru;lima;lima;11800000;lima0;-12.04318;-77.02824;1;38
Paris;france;paris;paris;11500000;paris0;48.85341;2.3488;1;39
Tianjin;china;tianjin;tientsin;11500000;tianjin0;39.14222;117.17667;9;40
Hyderabad;india;hyderabad;hyderabad;11400000;hyderabad0;17.37528;78.47444;6;41
Changsha;china;changsha;changsha;11000000;changsha0;28.2;112.96667;10;42
Chongqing;china;chongqing;chungking;10900000;chongqing0;29.56278;106.55278;11;43
Nagoya;japan;nagoya;nagoya;10500000;nagoya0;35.18147;136.90641;3;44
Bogota;colombia;bogota;bogota;10400000;bogota0;4.60971;-74.08175;1;45
Taipei;taiwan;taipei;new_taipei;9950000;taipei0;25.04776;121.53185;1;46
Zhengzhou;china;zhengzhou;zhengzhou;9800000;zhengzhou0;34.75778;113.64861;12;47
Chicago;united_states;chicago;chicago;9650000;chicago0;41.8368082;-87.684548;3;48
Ahmedabad;india;ahmedabad;ahmadabad;9600000;ahmedabad0;23;72.67;7;49
Luanda;angola;luanda;luanda;9350000;luanda0;-8.8368;13.23317;1;50
Kuala Lumpur;malaysia;kuala_lumpur;klang;9300000;kuala_lumpur0;3.1412;101.68653;1;51
Nanjing;china;nanjing;nanking;9300000;nanjing0;32.06167;118.77778;13;52
Shenyang;china;shenyang;fushun;8700000;shenyang0;41.79222;123.43278;14;53
Washington;united_states;washington;baltimore;8550000;washington0;38.9047129;-77.016287;4;54
Santiago;chile;santiago;santiago;8250000;santiago0;-33.42628;-70.56656;1;55
Shantou;china;shantou;shantou;8000000;shantou0;23.36814;116.71479;15;56
Singapore;singapore;singapore;singapore;7850000;singapore0;1.28967;103.85007;1;57
Hefei;china;hefei;hefei;7800000;hefei0;31.86389;117.28083;16;58
Pune;india;pune;pimpri_chinchwad;7750000;pune0;18.51957;73.85535;8;59
Surat;india;surat;surat;7750000;surat0;21.16667;72.83333;9;60
Boston;united_states;boston;boston;7700000;boston0;42.3322833;-71.016668;5;61
Toronto;canada;toronto;toronto;7700000;toronto0;43.70011;-79.4163;1;62
Baghdad;iraq;baghdad;baghdad;7650000;baghdad0;33.34058;44.40088;1;63
Dallas;united_states;dallas;ft_worth;7650000;dallas0;32.7939243;-96.765828;6;64
Philadelphia;united_states;philadelphia;philadelphia;7500000;philadelphia0;39.952335;-75.163789;7;65
Riyadh;saudi_arabia;riyadh;riyadh;7500000;riyadh0;24.68773;46.72185;1;66
Qingdao;china;qingdao;tsingtao;7450000;qingdao0;36.09861;120.37194;17;67
San Francisco;united_states;san_francisco;san_jose;7450000;san_francisco0;37.7793;-122.4192;8;68
Ningbo;china;ningbo;ningbo;7300000;ningbo0;29.87819;121.54945;18;69
Hong Kong;china;hong_kong;kowloon;7250000;hong_kong0;22.28552;114.15769;19;70
Hanoi;vietnam;hanoi;hanoi;7150000;hanoi0;21.02;105.87;2;71
Houston;united_states;houston;houston;7050000;houston0;29.7803285;-95.386379;9;72
Khartoum;sudan;khartoum;khartoum;7050000;khartoum0;15.54665;32.53361;1;73
Bandung;indonesia;bandung;bandung;6950000;bandung0;-6.90389;107.61861;2;74
Abidjan;cote_divoire;abidjan;abidjan;6800000;abidjan0;5.34111;-4.02806;1;75
Nairobi;kenya;nairobi;nairobi;6700000;nairobi0;-1.28333;36.81667;1;76
Madrid;spain;madrid;madrid;6650000;madrid0;40.4165;-3.70256;1;77
Accra;ghana;accra;accra;6600000;accra0;5.55602;-0.1969;1;78
Jinan;china;jinan;jinan;6550000;jinan0;36.66833;116.99722;20;79
Kunming;china;kunming;kunming;6500000;kunming0;25.03889;102.71833;21;80
St Petersburg;russia;st_petersburg;saintpetersburg;6500000;st_petersburg0;59.89444;30.26417;2;81
Miami;united_states;miami;miami;6300000;miami0;25.7753299;-80.209813;10;82
Dar es Salaam;tanzania;dar_es_salaam;dar_es_salaam;6250000;dar_es_salaam0;-6.82349;39.26951;1;83
Alexandria;egypt;alexandria;alexandria;6200000;alexandria0;31.2;29.9;2;84
Shijiazhuang;china;shijiazhuang;shijiazhuang;6200000;shijiazhuang0;38.04139;114.47861;22;85
Yangon;myanmar;yangon;rangoon;6150000;yangon0;16.79;96.15;1;86
Atlanta;united_states;atlanta;atlanta;6100000;atlanta0;33.7629966;-84.422883;11;87
Milan;italy;milan;milan;6100000;milan0;45.47;9.2;1;88
Amman;jordan;amman;amman;6000000;amman0;31.95522;35.94503;1;89
Monterrey;mexico;monterrey;monterrey;6000000;monterrey0;25.66667;-100.31667;2;90
Dubai;united_arab_emirates;dubai;dubai;5950000;dubai0;25.25817;55.30472;1;91
Taiyuan;china;taiyuan;taiyuan;5950000;taiyuan0;37.86944;112.56028;23;92
Surabaya;indonesia;surabaya;surabaya;5900000;surabaya0;-7.24917;112.75083;3;93
Guadalajara;mexico;guadalajara;zapopan;5850000;guadalajara0;20.66667;-103.33333;3;94
Detroit;united_states;detroit;detroit;5750000;detroit0;42.3830928;-83.1021457;12;95
Ruhr;germany;ruhr;essen;5650000;ruhr0;51.5;7.5;1;96
Bamako;mali;bamako;bamako;5450000;bamako0;12.65;-8;1;97
Harbin;china;harbin;harbin;5450000;harbin0;45.75;126.65;24;98
Dalian;china;dalian;dairen;5300000;dalian0;38.91222;121.60222;25;99
Nanning;china;nanning;nanning;5300000;nanning0;22.81667;108.31667;26;100
Kano;nigeria;kano;kano;5200000;kano0;11.99435;8.51381;2;101
Ankara;turkey;ankara;ankara;5150000;ankara0;39.91987;32.85427;2;102
Wenzhou;china;wenzhou;wenzhou;5100000;wenzhou0;27.99942;120.66682;27;103
Changchun;china;changchun;changchun;5050000;changchun0;43.88;125.32278;28;104
Guiyang;china;guiyang;guiyang;5050000;guiyang0;26.58333;106.71667;29;105
Kabul;afghanistan;kabul;kabol;5050000;kabul0;34.52813;69.17233;1;106
Chittagong;bangladesh;chittagong;chittagong;5000000;chittagong0;22.33306;91.83639;2;107
Cologne;germany;cologne;koln;5000000;cologne0;50.93333;6.95;2;108
Melbourne;australia;melbourne;melbourne;5000000;melbourne0;-37.814;144.96332;1;109
Cape Town;south_africa;cape_town;cape_town;4975000;cape_town0;-33.91667;18.41667;2;110
Nanchang;china;nanchang;nanchang;4975000;nanchang0;28.68333;115.88333;30;111
Sydney;australia;sydney;sydney;4975000;sydney0;-33.86785;151.20732;2;112
Belo Horizonte;brazil;belo_horizonte;belo_horizonte;4925000;belo_horizonte0;-19.92083;-43.93778;3;113
Colombo;sri_lanka;colombo;colombo;4925000;colombo0;6.93194;79.84778;1;114
Tampa;united_states;tampa;st_petersburg;4925000;tampa0;27.968016;-82.476411;13;115
Phoenix;united_states;phoenix;phoenix;4900000;phoenix0;33.5723552;-112.08857;14;116
Barcelona;spain;barcelona;barcelona;4875000;barcelona0;41.38879;2.15899;2;117
Berlin;germany;berlin;berlin;4850000;berlin0;52.52437;13.41053;3;118
Urumqi;china;urumqi;urumqi;4850000;urumqi0;43.8;87.58;31;119
Casablanca;morocco;casablanca;casablanca;4775000;casablanca0;33.59278;-7.61916;1;120
Kuwait City;kuwait;kuwait;kuwait;4775000;kuwait0;29.36972;47.97833;1;121
Addis Ababa;ethiopia;addis_ababa;addisabeba;4725000;addis_ababa0;9.03;38.74;1;122
Fuzhou;china;fuzhou;fuzhou;4650000;fuzhou0;26.06139;119.30611;32;123
Seattle;united_states;seattle;seattle;4475000;seattle0;47.6204865;-122.35103;15;124
Linyi;china;linyi;linyi;4450000;linyi0;35.06306;118.34278;33;125
Montreal;canada;montreal;montreal;4425000;montreal0;45.50884;-73.58781;2;126
Jaipur;india;jaipur;jaipur;4400000;jaipur0;26.91667;75.81667;10;127
Medellin;colombia;medellin;medellin;4275000;medellin0;6.29139;-75.53611;2;128
Algiers;algeria;algiers;algiers;4250000;algiers0;36.7525;3.04197;1;129
Puebla;mexico;puebla;puebla;4225000;puebla0;19.05;-98.22;4;130
Medan;indonesia;medan;medan;4200000;medan0;3.58333;98.66667;4;131
Kampala;uganda;kampala;kampala;4125000;kampala0;0.31628;32.58219;1;132
Lucknow;india;lucknow;lucknow;4125000;lucknow0;26.85;80.91667;11;133
Faisalabad;pakistan;faisalabad;faisalabad;4050000;faisalabad0;31.41667;73.08333;3;134
Naples;italy;naples;napoli;4050000;naples0;40.83;14.25;2;135
Busan;south_korea;busan;pusan;4000000;busan0;35.10278;129.04028;2;136
Brasilia;brazil;brasilia;brasilia;3975000;brasilia0;-15.77972;-47.92972;4;137
Dakar;senegal;dakar;dakar;3925000;dakar0;14.6937;-17.44406;1;138
Jiddah;saudi_arabia;jiddah;jeddah;3925000;jiddah0;21.51694;39.21917;2;139
Porto Alegre;brazil;porto_alegre;porto_alegre;3925000;porto_alegre0;-30.03306;-51.23;5;140
Damascus;syria;damascus;damascus;3875000;damascus0;33.5102;36.29128;1;141
Zibo;china;zibo;zibo;3875000;zibo0;36.79056;118.06333;34;142
Denver;united_states;denver;denver;3850000;denver0;39.7621623;-104.87607;16;143
Durban;south_africa;durban;durban;3850000;durban0;-29.8579;31.0292;3;144
Santo Domingo;dominican_republic;santo_domingo;santo_domingo;3850000;santo_domingo0;18.50012;-69.98857;1;145
Caracas;venezuela;caracas;caracas;3825000;caracas0;10.5;-66.91667;1;146
Yaounde;cameroon;yaounde;yaounde;3825000;yaounde0;3.86667;11.51667;1;147
Orlando;united_states;orlando;orlando;3800000;orlando0;28.4145775;-81.29926;17;148
Rawalpindi;pakistan;rawalpindi;islamabad;3800000;rawalpindi0;33.6007;73.0679;4;149
Douala;cameroon;douala;douala;3775000;douala0;4.0469;9.7084;2;150
Tashkent;uzbekistan;tashkent;tashkent;3775000;tashkent0;41.26465;69.21627;1;151
Baku;azerbaijan;baku;baku;3675000;baku0;40.37767;49.89201;1;152
Recife;brazil;recife;recife;3675000;recife0;-8.05389;-34.88111;6;153
Kanpur;india;kanpur;kanpur;3650000;kanpur0;26.46667;80.35;12;154
Indore;india;indore;indore;3625000;indore0;22.71792;75.8333;13;155
Port au Prince;haiti;port_au_prince;port_au_prince;3625000;port_au_prince0;18.53917;-72.335;1;156
Luoyang;china;luoyang;luoyang;3600000;luoyang0;34.68361;112.45361;35;157
Athens;greece;athens;athens;3575000;athens0;37.97945;23.71622;1;158
Fortaleza;brazil;fortaleza;fortaleza;3575000;fortaleza0;-3.71722;-38.54306;7;159
Lanzhou;china;lanzhou;lanzhou;3500000;lanzhou0;36.05639;103.79222;36;160
Nagpur;india;nagpur;nagpur;3500000;nagpur0;21.15;79.1;14;161
Kiev;ukraine;kiev;kyiv;3475000;kiev0;50.45466;30.5238;1;162
Curitiba;brazil;curitiba;curitiba;3425000;curitiba0;-25.42778;-49.27306;8;163
Mashhad;iran;mashhad;mashhad;3425000;mashhad0;36.297;59.6062;2;164
Rome;italy;rome;roma;3425000;rome0;41.88;12.5;3;165
Rotterdam;netherlands;rotterdam;the_hague;3400000;rotterdam0;51.9225;4.47917;1;166
Isfahan;iran;isfahan;esfahan;3375000;isfahan0;32.68;51.68;3;167
Brisbane;australia;brisbane;brisbane;3350000;brisbane0;-27.46794;153.02809;3;168
Guatemala City;guatemala;guatemala_city;guatemala;3350000;guatemala_city0;14.64072;-90.51327;1;169
Nantong;china;nantong;nantong;3350000;nantong0;32.03028;120.87472;37;170
Ibadan;nigeria;ibadan;ibadan;3325000;ibadan0;7.38778;3.89639;3;171
Frankfurt;germany;frankfurt;frankfurt;3300000;frankfurt0;50.11667;8.68333;4;172
Guayaquil;ecuador;guayaquil;guayaquil;3300000;guayaquil0;-2.16667;-79.9;1;173
Ouagadougou;burkina_faso;ouagadougou;ouagadougou;3300000;ouagadougou0;12.36423;-1.53834;1;174
Bhilai;india;bhilai;raipur;3275000;bhilai0;21.23333;81.63333;15;175
Birmingham;unitedkingdom;birmingham;birmingham;3250000;birmingham0;52.48142;-1.89983;2;176
Campinas;brazil;campinas;campinas;3250000;campinas0;-22.90556;-47.06083;9;177
Minneapolis;united_states;minneapolis;st_paul;3225000;minneapolis0;44.9624634;-93.267307;18;178
Salvador;brazil;salvador;salvador;3200000;salvador0;-12.97111;-38.51083;10;179
San Diego;united_states;san_diego;san_diego;3200000;san_diego0;32.8169573;-117.13363;19;180
Sanaa;yemen;sanaa;sanaa;3175000;sanaa0;15.35472;44.20667;1;181
Weifang;china;weifang;weifang;3175000;weifang0;36.71;119.10194;38;182
Gujranwala;pakistan;gujranwala;gujranwala;3150000;gujranwala0;32.16167;74.18831;5;183
Manchester;unitedkingdom;manchester;manchester;3150000;manchester0;53.48095;-2.23743;3;184
Kathmandu;nepal;kathmandu;kathmandu;3125000;kathmandu0;27.70169;85.3206;1;185
Jiangyin;china;jiangyin;jiangyin;3100000;jiangyin0;31.839;120.295;39;186
Vancouver;canada;vancouver;vancouver;3075000;vancouver0;49.24966;-123.11934;3;187
Xuzhou;china;xuzhou;xuzhou;3075000;xuzhou0;34.27;117.18;40;188
Antananarivo;madagascar;antananarivo;tananarive;3050000;antananarivo0;-18.91433;47.53098;1;189
Cleveland;united_states;cleveland;cleveland;3050000;cleveland0;41.4817183;-81.6629069;20;190
Coimbatore;india;coimbatore;coimbatore;3000000;coimbatore0;11;76.96667;16;191
Izmir;turkey;izmir;izmir;3000000;izmir0;38.41273;27.13838;3;192
Pyongyang;north_korea;pyongyang;pyongyang;3000000;pyongyang0;39.03385;125.75432;1;193
Cali;colombia;cali;cali;2950000;cali0;3.43722;-76.5225;3;194
Tel Aviv;israel;tel_aviv;tel_aviv;2950000;tel_aviv0;32.06667;34.76667;1;195
Hamburg;germany;hamburg;hamburg;2925000;hamburg0;53.55;10;5;196
Abuja;nigeria;abuja;abuja;2900000;abuja0;9.05735;7.48976;4;197
Patna;india;patna;patna;2900000;patna0;25.6;85.11667;17;198
Conakry;guinea;conakry;conakry;2875000;conakry0;9.53795;-13.67729;1;199
Kumasi;ghana;kumasi;kumasi;2875000;kumasi0;6.68333;-1.61667;2;200
Dammam;saudi_arabia;dammam;dammam;2825000;dammam0;26.42;50.1;3;201
Fukuoka;japan;fukuoka;fukuoka;2825000;fukuoka0;33.60639;130.41806;4;202
Handan;china;handan;handan;2825000;handan0;36.60056;114.46778;41;203
Phnom Penh;cambodia;phnom_penh;phnom_penh;2825000;phnom_penh0;11.56245;104.91601;1;204
Quito;ecuador;quito;quito;2825000;quito0;-0.22985;-78.52495;2;205
Cincinnati;united_states;cincinnati;cincinnati;2800000;cincinnati0;39.1433925;-84.5091098;21;206
Maracaibo;venezuela;maracaibo;maracaibo;2800000;maracaibo0;10.63167;-71.64056;2;207
Taichung;taiwan;taichung;taizhong;2775000;taichung0;24.1469;120.6839;2;208
Brussels;belgium;brussels;bruxelles;2750000;brussels0;50.85045;4.34878;1;209
Cebu;philippines;cebu;cebu;2750000;cebu0;10.31672;123.89071;2;210
Kaohsiung;taiwan;kaohsiung;gaoxiong;2750000;kaohsiung0;22.61626;120.31333;3;211
Lubumbashi;democratic_republic_of_the_congo;lubumbashi;lubumbashi;2750000;lubumbashi0;-11.68;27.48;2;212
Hohhot;china;hohhot;huhehot;2725000;hohhot0;40.81056;111.65222;42;213
Taegu;south_korea;taegu;daegu;2725000;taegu0;35.87028;128.59111;3;214
Tangshan;china;tangshan;tangshan;2700000;tangshan0;39.63333;118.18333;43;215
Tunis;tunisia;tunis;tunis;2700000;tunis0;36.81897;10.16579;1;216
Bhopal;india;bhopal;bhopal;2675000;bhopal0;23.26667;77.4;18;217
Chandigarh;india;chandigarh;chandigarh;2675000;chandigarh0;30.7343;76.7933;19;218
Haikou;china;haikou;haikou;2675000;haikou0;20.04583;110.34167;44;219
Toluca;mexico;toluca;toluca;2675000;toluca0;19.28833;-99.66722;5;220
Almaty;kazakhstan;almaty;alma_ata;2625000;almaty0;43.25;76.95;1;221
Harare;zimbabwe;harare;harare;2625000;harare0;-17.82935;31.05389;1;222
Salt Lake City;united_states;salt_lake_city;salt_lake_city;2625000;salt_lake_city0;40.7775918;-111.93089;22;223
Charlotte;united_states;charlotte;charlotte;2600000;charlotte0;35.2061611;-80.833604;23;224
Doha;qatar;doha;doha;2600000;doha0;25.27932;51.52245;1;225
Mecca;saudi_arabia;mecca;mecca;2600000;mecca0;21.42667;39.82611;4;226
Xinxiang;china;xinxiang;xinxiang;2600000;xinxiang0;35.3;113.866667;45;227
Taizhou;china;taizhou;taizhou;2575000;taizhou0;28.6616141;121.438846;46;228
Yiwu;china;yiwu;yiwu;2575000;yiwu0;29.31506;120.07676;47;229
Agra;india;agra;agra;2550000;agra0;27.18333;78.01667;20;230
Lome;togo;lome;lome;2550000;lome0;6.13748;1.21227;1;231
Zhuhai;china;zhuhai;zhuhai;2550000;zhuhai0;22.27694;113.56778;48;232
Amsterdam;netherlands;amsterdam;haarlem;2525000;amsterdam0;52.37403;4.88969;2;233
Maputo;mozambique;maputo;maputo;2525000;maputo0;-25.96528;32.58917;1;234
Budapest;hungary;budapest;budapest;2500000;budapest0;47.49801;19.03991;1;235
Lisbon;portugal;lisbon;lisboa;2500000;lisbon0;38.71667;-9.13333;1;236
Sapporo;japan;sapporo;sapporo;2500000;sapporo0;43.06417;141.34694;5;237
Warsaw;poland;warsaw;warsaw;2500000;warsaw0;52.22977;21.01178;1;238
Yantai;china;yantai;yantai;2500000;yantai0;37.53333;121.4;49;239
Goiania;brazil;goiania;goiania;2450000;goiania0;-16.67861;-49.25389;11;240
Peshawar;pakistan;peshawar;peshawar;2450000;peshawar0;34.008;71.57849;6;241
San Jose;costa_rica;san_jose;san_jose;2450000;san_jose0;9.93333;-84.08333;1;242
Hyderabad;pakistan;hyderabad;hyderabad;2425000;hyderabad1;25.39242;68.37366;7;243
Liuzhou;china;liuzhou;liuzhou;2425000;liuzhou0;24.28;109.25;50;244
Mbuji Mayi;democratic_republic_of_the_congo;mbuji_mayi;mbuji_mayi;2425000;mbuji_mayi0;-6.17;23.65;3;245
Portland;united_states;portland;portland;2425000;portland0;45.5374054;-122.65028;24;246
Visakhapatnam;india;visakhapatnam;vishakhapatnam;2425000;visakhapatnam0;17.75;83.33;21;247
Brazzaville;congo;brazzaville;brazzaville;2400000;brazzaville0;-4.2669;15.28327;1;248
Santa Cruz;bolivia;santa_cruz;santa_cruz;2400000;santa_cruz0;-17.75;-63.23;1;249
Stuttgart;germany;stuttgart;stuttgart;2400000;stuttgart0;48.78232;9.17702;6;250
Vadodara;india;vadodara;vadodara;2400000;vadodara0;22.3;73.2;22;251
Yinchuan;china;yinchuan;yinchuan;2400000;yinchuan0;38.466667;106.266667;51;252
Las Vegas;united_states;las_vegas;las_vegas;2375000;las_vegas0;36.2263893;-115.26172;25;253
Anshan;china;anshan;liaoyang;2350000;anshan0;41.12361;122.99;52;254
Nashik;india;nashik;nasik;2350000;nashik0;20;73.87;23;255
San Antonio;united_states;san_antonio;san_antonio;2350000;san_antonio0;29.4724026;-98.5251419;26;256
Vienna;austria;vienna;wien;2350000;vienna0;48.20849;16.37208;1;257
Barranquilla;colombia;barranquilla;barranquilla;2325000;barranquilla0;10.96389;-74.79639;4;258
Lusaka;zambia;lusaka;lusaka;2325000;lusaka0;-15.40809;28.28636;1;259
St Louis;united_states;st_louis;saintlouis;2325000;st_louis0;38.6272733;-90.1978889;27;260
Multan;pakistan;multan;multan;2300000;multan0;30.19556;71.47528;8;261
Munich;germany;munich;munchen;2300000;munich0;48.13743;11.57549;7;262
La Paz;bolivia;la_paz;la_paz;2275000;la_paz0;-16.5;-68.15;2;263
Leon;mexico;leon;leon;2275000;leon0;21.11667;-101.66667;6;264
Stockholm;sweden;stockholm;stockholm;2275000;stockholm0;59.33258;18.0649;1;265
Vijayawada;india;vijayawada;vijayawada;2275000;vijayawada0;16.51667;80.61667;24;266
Perth;australia;perth;perth;2250000;perth0;-31.93333;115.83333;4;267
Tijuana;mexico;tijuana;tijuana;2250000;tijuana0;32.53333;-117.01667;7;268
Yangzhou;china;yangzhou;yangzhou;2250000;yangzhou0;32.39722;119.43583;53;269
Austin;united_states;austin;austin;2225000;austin0;30.3023972;-97.761907;28;270
Havana;cuba;havana;havana;2225000;havana0;23.13302;-82.38304;1;271
Katowice;poland;katowice;katowice;2225000;katowice0;50.25842;19.02754;2;272
Leeds;unitedkingdom;leeds;leeds;2225000;leeds0;53.79648;-1.54785;4;273
Bucharest;romania;bucharest;bucharest;2200000;bucharest0;44.43;26.1;1;274
Gaza;israel;gaza;gaza;2200000;gaza0;31.53;34.44;2;275
Port Harcourt;nigeria;port_harcourt;port_harcourt;2200000;port_harcourt0;4.77742;7.0134;5;276
Baotou;china;baotou;baotou;2175000;baotou0;40.65222;109.82222;54;277
Bursa;turkey;bursa;bursa;2175000;bursa0;40.19167;29.06111;4;278
Jiaxing;china;jiaxing;jiaxing;2175000;jiaxing0;30.7522;120.75;55;279
Mogadishu;somalia;mogadishu;mogadishu;2175000;mogadishu0;2.03711;45.34375;1;280
Okayama;japan;okayama;okayama;2175000;okayama0;34.66167;133.935;6;281
Xining;china;xining;xining;2175000;xining0;36.61667;101.76667;56;282
Asuncion;paraguay;asuncion;asuncion;2150000;asuncion0;-25.30066;-57.63591;1;283
Baoding;china;baoding;baoding;2150000;baoding0;38.85111;115.49028;57;284
Manaus;brazil;manaus;manaus;2150000;manaus0;-3.10194;-60.025;12;285
Rabat;morocco;rabat;rabat;2150000;rabat0;34.01325;-6.83255;2;286
Rajkot;india;rajkot;rajkot;2150000;rajkot0;22.3;70.78333;25;287
Ludhiana;india;ludhiana;ludhiana;2125000;ludhiana0;30.9;75.85;26;288
Sacramento;united_states;sacramento;sacramento;2125000;sacramento0;38.565499;-121.46752;29;289
Indianapolis;united_states;indianapolis;indianapolis;2100000;indianapolis0;39.7778261;-86.145737;30;290
Minsk;belarus;minsk;minsk;2100000;minsk0;53.9;27.56667;1;291
Semarang;indonesia;semarang;semarang;2100000;semarang0;-6.9932;110.4203;5;292
Bhubaneswar;india;bhubaneswar;cuttack;2075000;bhubaneswar0;20.46497;85.87927;27;293
Cotonou;benin;cotonou;cotonou;2075000;cotonou0;6.36536;2.41833;1;294
Ganzhou;china;ganzhou;ganzhou;2075000;ganzhou0;25.85;114.93;58;295
Jacksonville;united_states;jacksonville;jacksonville;2075000;jacksonville0;30.3369821;-81.660228;31;296
Kansas City;united_states;kansas_city;kansas_city;2075000;kansas_city0;39.1237174;-94.553872;32;297
Valencia;spain;valencia;valencia;2075000;valencia1;39.46975;-0.37739;3;298
Varanasi;india;varanasi;benares;2075000;varanasi0;25.33;83;28;299
Georgetown;malaysia;georgetown;georgetown;2050000;georgetown0;5.37;100.31;2;300
Pittsburgh;united_states;pittsburgh;pittsburgh;2050000;pittsburgh0;40.4425691;-79.9711635;33;301
Aurangabad;india;aurangabad;aurangabad;2025000;aurangabad0;19.88333;75.33333;29;302
Belem;brazil;belem;belem;2025000;belem0;-1.45583;-48.50444;13;303
Lyon;france;lyon;lyon;2025000;lyon0;45.75;4.85;2;304
Pingdingshan;china;pingdingshan;pingdingshan;2025000;pingdingshan0;33.73847;113.30119;59;305
Kitakyushu;japan;kitakyushu;kitakyushu;1970000;kitakyushu0;33.83333;130.83333;7;306
San Salvador;el_salvador;san_salvador;san_salvador;1960000;san_salvador0;13.68935;-89.18718;1;307
Datong;china;datong;datong;1950000;datong0;40.09361;113.29139;60;308
Aleppo;syria;aleppo;aleppo;1940000;aleppo0;36.20278;37.15861;2;309
Bengbu;china;bengbu;bengbu;1940000;bengbu0;32.916667;117.383333;61;310
Tabriz;iran;tabriz;tabriz;1940000;tabriz0;38.08;46.2919;4;311
Zunyi;china;zunyi;zunyi;1940000;zunyi0;27.683333;106.9;62;312
Kaduna;nigeria;kaduna;kaduna;1930000;kaduna0;10.52224;7.43828;6;313
Madurai;india;madurai;madurai;1930000;madurai0;9.93333;78.11667;30;314
Valencia;venezuela;valencia;valencia;1920000;valencia0;10.16202;-68.00765;3;315
Anyang;china;anyang;anyang;1910000;anyang0;36.1;114.333333;63;316
San Juan;united_states;san_juan;san_juan;1910000;san_juan0;18.45;-66.06667;34;317
Shiraz;iran;shiraz;shiraz;1910000;shiraz0;29.6036;52.5388;5;318
Beirut;lebanon;beirut;beirut;1900000;beirut0;33.88894;35.49442;1;319
Huaian;china;huaian;huaian;1900000;huaian0;33.5;119.133333;64;320
Kigali;rwanda;kigali;kigali;1890000;kigali0;-1.943889;30.059444;1;321
Liverpool;unitedkingdom;liverpool;liverpool;1890000;liverpool0;53.41058;-2.97794;5;322
Meerut;india;meerut;meerut;1890000;meerut0;28.98333;77.7;31;323
Montevideo;uruguay;montevideo;montevideo;1890000;montevideo0;-34.83346;-56.16735;1;324
Ndjamena;chad;ndjamena;ndjamena;1880000;ndjamena0;12.17;14.98;1;325
Hiroshima;japan;hiroshima;hiroshima;1870000;hiroshima0;34.39627;132.45937;8;326
Huainan;china;huainan;huainan;1870000;huainan0;32.62639;116.99694;65;327
Monrovia;liberia;monrovia;monrovia;1870000;monrovia0;6.30054;-10.7969;1;328
Novosibirsk;russia;novosibirsk;novosibirsk;1860000;novosibirsk0;55.04111;82.93444;3;329
Yekaterinburg;russia;yekaterinburg;ekaterinburg;1860000;yekaterinburg0;56.8575;60.6125;4;330
Daqing;china;daqing;daqing;1850000;daqing0;46.58333;125;66;331
Jining;china;jining;jining;1840000;jining0;35.415;116.5873;67;332
Zaozhuang;china;zaozhuang;zaozhuang;1840000;zaozhuang0;34.86472;117.55417;68;333
Zhanjiang;china;zhanjiang;zhanjiang;1840000;zhanjiang0;21.28145;110.34271;69;334
Tripoli;libya;tripoli;tripoli;1820000;tripoli0;32.87519;13.18746;1;335
Columbus;united_states;columbus;columbus;1810000;columbus0;39.9859095;-82.985029;35;336
Raleigh;united_states;raleigh;raleigh;1810000;raleigh0;35.8335325;-78.646871;36;337
Jamshedpur;india;jamshedpur;jamshedpur;1800000;jamshedpur0;22.8;86.18333;32;338
Vitoria;brazil;vitoria;vitoria;1800000;vitoria0;-20.31944;-40.33778;14;339
Cordoba;argentina;cordoba;cordoba;1790000;cordoba0;-31.4135;-64.18105;2;340
Makassar;indonesia;makassar;makasar;1790000;makassar0;-5.14;119.41;6;341
Wuhu;china;wuhu;wuhu;1790000;wuhu0;31.37;118.3925;70;342
Yogyakarta;indonesia;yogyakarta;yogyakarta;1780000;yogyakarta0;-7.78278;110.36083;7;343
Adana;turkey;adana;adana;1770000;adana0;37.00167;35.32889;5;344
Cangnan;china;cangnan;cangnan;1770000;cangnan0;27.516667;120.425;71;345
Copenhagen;denmark;copenhagen;copenhagen;1770000;copenhagen0;55.67594;12.56553;1;346
Srinagar;india;srinagar;srinagar;1770000;srinagar0;34.08333;74.81667;33;347
Xiangyang;china;xiangyang;xiangfan;1770000;xiangyang0;32.017;112.133;72;348
Guilin;china;guilin;guilin;1760000;guilin0;25.28194;110.28639;73;349
Palembang;indonesia;palembang;palembang;1760000;palembang0;-2.91673;104.7458;8;350
Benin;nigeria;benin;benin;1750000;benin0;6.33504;5.62749;7;351
Malang;indonesia;malang;malang;1750000;malang0;-7.9797;112.6304;9;352
Angeles;philippines;angeles;angeles;1740000;angeles0;15.15;120.55;3;353
Mandalay;myanmar;mandalay;mandalay;1740000;mandalay0;21.97473;96.08359;2;354
Mianyang;china;mianyang;mianyang;1740000;mianyang0;31.466667;104.683333;74;355
Santos;brazil;santos;santos;1740000;santos0;-23.96083;-46.33361;15;356
Asansol;india;asansol;asansol;1720000;asansol0;23.68333;86.98333;34;357
Gaziantep;turkey;gaziantep;gaziantep;1720000;gaziantep0;37.05944;37.3825;6;358
Abu Dhabi;united_arab_emirates;abu_dhabi;abu_dhabi;1700000;abu_dhabi0;24.466667;54.366667;2;359
Glasgow;unitedkingdom;glasgow;glasgow;1700000;glasgow0;55.86515;-4.25763;6;360
Hartford;united_states;hartford;springfield;1700000;hartford0;41.7661107;-72.683252;37;361
Marseille;france;marseille;marseille;1700000;marseille0;43.29695;5.38107;3;362
Huzhou;china;huzhou;huzhou;1690000;huzhou0;30.8703;120.0933;75;363
Queretaro;mexico;queretaro;queretaro;1690000;queretaro0;20.6;-100.38333;8;364
Davao;philippines;davao;davao;1680000;davao0;7.07306;125.61278;4;365
Qinhuangdao;china;qinhuangdao;qinhuangdao;1680000;qinhuangdao0;39.933333;119.6;76;366
Surakarta;indonesia;surakarta;surakarta;1680000;surakarta0;-7.55611;110.83167;10;367
Basra;iraq;basra;basra;1670000;basra0;30.5;47.83;2;368
Puyang;china;puyang;puyang;1670000;puyang0;35.766667;115.066667;77;369
Shangqiu;china;shangqiu;shangqiu;1670000;shangqiu0;34.45;115.65;78;370
Jodhpur;india;jodhpur;jodhpur;1660000;jodhpur0;26.28667;73.03;35;371
Nizhny Novgorod;russia;nizhny_novgorod;nizhniynovgorod;1660000;nizhny_novgorod0;56.33;44;5;372
Kochi;india;kochi;cochin;1650000;kochi0;9.97;76.23;36;373
Virginia Beach;united_states;virginia_beach;norfolk;1650000;virginia_beach0;36.7376504;-76.005208;38;374
Xingtai;china;xingtai;xingtai;1640000;xingtai0;37.066667;114.483333;79;375
Kwangju;south_korea;kwangju;gwangju;1630000;kwangju0;35.15472;126.91556;4;376
Nashville;united_states;nashville;nashville;1630000;nashville0;36.1693632;-86.784715;39;377
Bangui;central_african_republic;bangui;bangui;1620000;bangui0;4.366667;18.583333;1;378
Ciudad Juarez;mexico;ciudad_juarez;juarez;1620000;ciudad_juarez0;31.73333;-106.48333;9;379
Jilin;china;jilin;jilin;1610000;jilin0;43.85083;126.56028;80;380
Nanyang;china;nanyang;nanyang;1610000;nanyang0;32.99472;112.53278;81;381
Jiaozuo;china;jiaozuo;jiaozuo;1600000;jiaozuo0;35.23972;113.23306;82;382
Kharkiv;ukraine;kharkiv;kharkov;1600000;kharkiv0;50;36.25;2;383
Oran;algeria;oran;oran;1600000;oran0;35.69111;-0.64167;2;384
Jabalpur;india;jabalpur;jabalpur;1590000;jabalpur0;23.16697;79.95006;37;385
Kazan;russia;kazan;kazan;1590000;kazan0;55.75;49.17;6;386
Mannheim;germany;mannheim;mannheim;1590000;mannheim0;49.48833;8.46472;8;387
Ranchi;india;ranchi;ranchi;1590000;ranchi0;23.35;85.33333;38;388
Tirupur;india;tirupur;tiruppur;1590000;tirupur0;11.1;77.35;39;389
Turin;italy;turin;torino;1580000;turin0;45.07;7.7;4;390
Kota;india;kota;kota;1570000;kota0;25.18333;75.83333;40;391
Allahabad;india;allahabad;allahabad;1560000;allahabad0;25.45;81.85;41;392
Manama;bahrain;manama;manama;1550000;manama0;26.21536;50.5832;1;393
Porto;portugal;porto;porto;1550000;porto0;41.15;-8.61667;2;394
Ulaanbaatar;mongolia;ulaanbaatar;ulanbator;1550000;ulaanbaatar0;47.90771;106.88324;1;395
Gwalior;india;gwalior;gwalior;1540000;gwalior0;26.22361;78.17917;42;396
Muscat;oman;muscat;muskat;1540000;muscat0;23.6;58.583333;1;397
Sheffield;unitedkingdom;sheffield;sheffield;1540000;sheffield0;53.38297;-1.4659;7;398
Yulin;china;yulin;yulin;1540000;yulin0;22.63333;110.15;83;399
Astana;kazakhstan;astana;nur_sultan;1530000;astana0;51.1801;71.44598;2;400
Dublin;ireland;dublin;dublin;1530000;dublin0;53.34399;-6.26719;1;401
Helsinki;finland;helsinki;helsingfors;1530000;helsinki0;60.16952;24.93545;1;402
Jinhua;china;jinhua;jinhua;1530000;jinhua0;29.10778;119.65472;84;403
Chonburi;thailand;chonburi;chonburi;1520000;chonburi0;13.361111;100.985;2;404
Daejeon;south_korea;daejeon;taejon;1520000;daejeon0;36.33;127.43;5;405
Mosul;iraq;mosul;mosul;1520000;mosul0;36.335;43.11889;3;406
Shangrao;china;shangrao;shangrao;1520000;shangrao0;28.47;117.97;85;407
Taian;china;taian;taian;1520000;taian0;36.2;117.12;86;408
Yerevan;armenia;yerevan;yerevan;1520000;yerevan0;40.18111;44.51361;1;409
Ahvaz;iran;ahvaz;ahvaz;1510000;ahvaz0;31.3203;48.6693;6;410
Sao Luis;brazil;sao_luis;sao_luis;1510000;sao_luis0;-2.52972;-44.30278;16;411
Sendai;japan;sendai;sendai;1510000;sendai0;38.26889;140.87194;9;412
Amritsar;india;amritsar;amritsar;1500000;amritsar0;31.63306;74.86556;43;413
Bishkek;kyrgyzstan;bishkek;bishkek;1500000;bishkek0;42.874722;74.612222;1;414
Heze;china;heze;heze;1500000;heze0;35.24306;115.44111;87;415
Medina;saudi_arabia;medina;medina;1500000;medina0;24.46861;39.61417;5;416
Milwaukee;united_states;milwaukee;milwaukee;1500000;milwaukee0;43.0633459;-87.9664755;40;417
Cochabamba;bolivia;cochabamba;cochabamba;1490000;cochabamba0;-17.3895;-66.1568;3;418
Rosario;argentina;rosario;rosario;1490000;rosario0;-32.94682;-60.63932;3;419
Zurich;switzerland;zurich;zurich;1490000;zurich0;47.36667;8.55;1;420
Auckland;new_zealand;auckland;auckland;1480000;auckland0;-36.84042;174.73987;1;421
Niamey;niger;niamey;niamey;1480000;niamey0;13.5125;2.11178;1;422
Bareilly;india;bareilly;bareilly;1470000;bareilly0;28.35;79.41667;44;423
Chelyabinsk;russia;chelyabinsk;chelyabinsk;1470000;chelyabinsk0;55.15444;61.42972;7;424
Maracay;venezuela;maracay;maracay;1470000;maracay0;10.24694;-67.59583;4;425
Newcastle;unitedkingdom;newcastle_upon_tyne;newcastle;1470000;newcastle_upon_tyne0;54.97328;-1.61396;8;426
Prague;czech_republic;prague;praha;1470000;prague0;50.08;14.42;1;427
Weihai;china;weihai;weihai;1470000;weihai0;37.50167;122.11361;88;428
Calgary;canada;calgary;calgary;1460000;calgary0;51.05011;-114.08529;4;429
Da Nang;vietnam;da_nang;da_nang;1460000;da_nang0;16.06;108.25;3;430
Dhanbad;india;dhanbad;dhanbad;1460000;dhanbad0;23.8;86.45;45;431
Taizhou;china;taizhou;taizhou;1460000;taizhou1;32.49333;119.91063;89;432
Belgrade;serbia;belgrade;belgrade;1430000;belgrade0;44.82;20.45;1;433
Edmonton;canada;edmonton;edmonton;1430000;edmonton0;53.55014;-113.46871;5;434
Hai Phong;vietnam;haiphong;haiphong;1430000;haiphong0;20.865139;106.683833;4;435
Moradabad;india;moradabad;moradabad;1430000;moradabad0;28.83;78.78;46;436
Yancheng;china;yancheng;yancheng;1430000;yancheng0;33.383333;120.116667;90;437
Zhangjiakou;china;zhangjiakou;zhangjiakou;1430000;zhangjiakou0;40.81;114.87944;91;438
Adelaide;australia;adelaide;adelaide;1420000;adelaide0;-34.93333;138.6;5;439
Qom;iran;qom;qom;1420000;qom0;34.6401;50.8764;7;440
Tbilisi;georgia;tbilisi;tbilisi;1420000;tbilisi0;41.69411;44.83368;1;441
Torreon;mexico;torreon;torreon;1420000;torreon0;25.55;-103.43333;10;442
Aligarh;india;aligarh;aligarh;1410000;aligarh0;27.88;78.08;47;443
Buffalo;united_states;buffalo;buffalo;1410000;buffalo0;42.8897802;-78.8594794;41;444
Donetsk;ukraine;donetsk;donetsk;1410000;donetsk0;48;37.83;3;445
Maoming;china;maoming;maoming;1410000;maoming0;21.92;110.87;92;446
Panama City;panama;panama_city;panama;1410000;panama_city0;8.97;-79.53;1;447
Rostov on Don;russia;rostov_on_don;rostov;1410000;rostov_on_don0;47.24;39.71;8;448
Bandar Lampung;indonesia;bandar_lampung;bandar_lampung;1400000;bandar_lampung0;-5.42544;105.25803;11;449
Nouakchott;mauritania;nouakchott;nouakchott;1400000;nouakchott0;18.10033;-15.94975;1;450
Benguela;angola;benguela;benguela;1390000;benguela0;-12.57833;13.40722;2;451
Nanchong;china;nanchong;nanchong;1390000;nanchong0;30.8;106.083333;93;452
Freetown;sierra_leone;freetown;freetown;1380000;freetown0;8.484;-13.22994;1;453
Nottingham;unitedkingdom;nottingham;nottingham;1380000;nottingham0;52.95;-1.133333;9;454
San Luis Potosi;mexico;san_luis_potosi;san_luis_potosi;1380000;san_luis_potosi0;22.15;-100.98333;11;455
Antalya;turkey;antalya;antalya;1370000;antalya0;36.9125;30.68972;7;456
Konya;turkey;konya;konya;1370000;konya0;37.86556;32.4825;8;457
Managua;nicaragua;managua;managua;1370000;managua0;12.13282;-86.2504;1;458
Samara;russia;samara;samara;1370000;samara0;53.2;50.15;9;459
Yichang;china;yichang;yichang;1370000;yichang0;30.71444;111.28472;94;460
Xuchang;china;xuchang;xuchang;1360000;xuchang0;34.01667;113.81667;95;461
Barquisimeto;venezuela;barquisimeto;barquisimeto;1350000;barquisimeto0;10.07389;-69.32278;5;462
Bucaramanga;colombia;bucaramanga;bucaramanga;1350000;bucaramanga0;7.12972;-73.12583;5;463
Fez;morocco;fez;fes;1350000;fez0;34.03715;-4.9998;3;464
Fuyang;china;fuyang;fuyang;1350000;fuyang0;32.9;115.81667;96;465
Harrisburg;united_states;harrisburg;lancaster;1350000;harrisburg0;40.039722;-76.304444;42;466
Merida;mexico;merida;merida;1350000;merida0;20.96667;-89.61667;12;467
Natal;brazil;natal;natal;1350000;natal0;-5.795;-35.20944;17;468
Tainan;taiwan;tainan;tainan;1350000;tainan0;22.99083;120.21333;4;469
Mombasa;kenya;mombasa;mombasa;1340000;mombasa0;-4.055;39.6605;2;470
Mysore;india;mysore;mysore;1340000;mysore0;12.30722;76.64972;48;471
Dnepropetrovsk;ukraine;dnepropetrovsk;dnipro;1330000;dnepropetrovsk0;48.45;34.98333;4;472
Kananga;democratic_republic_of_the_congo;kananga;kananga;1330000;kananga0;-5.88;22.43;4;473
Ottawa;canada;ottawa;ottawa;1330000;ottawa0;45.41117;-75.69812;6;474
Shymkent;kazakhstan;shymkent;shymkent;1330000;shymkent0;42.32;69.59;3;475
Lille;france;lille;kortrijk;1320000;lille0;50.63333;3.06667;4;476
Melbourne;united_states;melbourne;melbourne;1320000;melbourne1;28.11667;-80.63333;43;477
Agadir;morocco;agadir;agadir;1310000;agadir0;30.433333;-9.6;4;478
Dazhou;china;dazhou;dazhou;1310000;dazhou0;31.21592;107.50092;97;479
Hamamatsu;japan;hamamatsu;hamamatsu;1310000;hamamatsu0;34.7;137.73333;10;480
Huaibei;china;huaibei;huaibei;1310000;huaibei0;33.58;116.47;98;481
Kaifeng;china;kaifeng;kaifeng;1310000;kaifeng0;34.8;114.3;99;482
San Pedro Sula;honduras;san_pedro;san_pedro;1310000;san_pedro0;15.5;-88.033333;1;483
Qingyuan;china;qingyuan;qingyuan;1300000;qingyuan0;23.816667;113.033333;100;484
Sevilla;spain;sevilla;seville;1300000;sevilla0;37.38241;-5.97613;4;485
Krasnoyarsk;russia;krasnoyarsk;krasnoyarsk;1290000;krasnoyarsk0;56.00972;92.79167;10;486
Luzhou;china;luzhou;luzhou;1290000;luzhou0;28.88;105.38;101;487
Tiruchirappalli;india;tiruchirappalli;tiruchi;1290000;tiruchirappalli0;10.82;78.68;49;488
Stockton;united_states;stockton;modesto;1270000;stockton0;37.9758467;-121.30852;44;489
Kisangani;democratic_republic_of_the_congo;kisangani;kisangani;1260000;kisangani0;0.55;25.23;5;490
Oslo;norway;oslo;oslo;1260000;oslo0;59.95;10.75;1;491
Yibin;china;yibin;yibin;1260000;yibin0;28.76667;104.62383;102;492
Aba;nigeria;aba;aba;1250000;aba0;5.10658;7.36667;8;493
Dushanbe;tajikistan;dushanbe;dusanbe;1250000;dushanbe0;38.536667;68.78;1;494
McAllen;united_states;mcallen;brownsville;1250000;mcallen0;26.2189785;-98.244892;45;495
Antwerp;belgium;antwerp;anvers;1240000;antwerp0;51.22;4.42;2;496
Dezhou;china;dezhou;dezhou;1240000;dezhou0;37.436;116.359;103;497
Karawang;indonesia;karawang;karawang;1240000;karawang0;-6.3125;107.295;12;498
Luan;china;luan;luan;1240000;luan0;31.76;116.49;104;499
Naha;japan;naha;naha;1240000;naha0;26.2125;127.68111;11;500
Quetta;pakistan;quetta;quetta;1240000;quetta0;30.199;67.00971;9;501
Rizhao;china;rizhao;rizhao;1240000;rizhao0;35.4158;119.5271;105;502
Sofia;bulgaria;sofia;sofia;1240000;sofia0;42.69751;23.32415;1;503
Aguascalientes;mexico;aguascalientes;aguascalientes;1230000;aguascalientes0;21.88333;-102.3;13;504
Batam;indonesia;batam;batam;1230000;batam0;1.03;103.92;13;505
Changzhi;china;changzhi;changzhi;1230000;changzhi0;36.195;113.117;106;506
Hengyang;china;hengyang;hengyang;1230000;hengyang0;26.88806;112.615;107;507
Hubli Dharwad;india;hubli_dharwad;hubli_dharwar;1230000;hubli_dharwad0;15.3617;75.0849;50;508
Jinzhou;china;jinzhou;jinzhou;1230000;jinzhou0;41.116667;121.133333;108;509
Ufa;russia;ufa;ufa;1230000;ufa0;54.775;56.0375;11;510
Cape Coral;united_states;cape_coral;cape_coral;1220000;cape_coral0;26.639722;-81.9825;46;511
Cartagena;colombia;cartagena;cartagena;1220000;cartagena0;10.39972;-75.51444;6;512
Guwahati;india;guwahati;gauhati;1220000;guwahati0;26.18617;91.75095;51;513
Tangier;morocco;tangier;tangier;1220000;tangier0;35.766667;-5.8;5;514
Cheongju;south_korea;cheongju;cheongju;1210000;cheongju0;36.64;127.5;6;515
Cirebon;indonesia;cirebon;cirebon;1210000;cirebon0;-6.7063;108.557;14;516
Cuernavaca;mexico;cuernavaca;cuernavaca;1210000;cuernavaca0;18.91667;-99.25;14;517
Jalandhar;india;jalandhar;jullundur;1210000;jalandhar0;31.326;75.576;52;518
Nuremberg;germany;nuremberg;nurnberg;1210000;nuremberg0;49.44778;11.06833;9;519
Salem;india;salem;salem;1210000;salem0;11.65;78.16;53;520
Saratov;russia;saratov;saratov;1210000;saratov0;51.56667;46.03333;12;521
Serang;indonesia;serang;serang;1210000;serang0;-6.1149;106.1502;15;522
Tegucigalpa;honduras;tegucigalpa;tegucigalpa;1210000;tegucigalpa0;14.0818;-87.20681;2;523
Changde;china;changde;changde;1200000;changde0;29.03222;111.67806;109;524
Oklahoma City;united_states;oklahoma_city;oklahoma_city;1200000;oklahoma_city0;35.4672439;-97.513746;47;525
Onitsha;nigeria;onitsha;onitsha;1200000;onitsha0;6.14543;6.78845;9;526
Touba;senegal;touba;touba;1200000;touba0;14.87;-15.88;2;527
Yueyang;china;yueyang;yueyang;1200000;yueyang0;29.33333;113.09194;110;528
Arequipa;peru;arequipa;arequipa;1190000;arequipa0;-16.39889;-71.535;2;529
Baoji;china;baoji;baoji;1190000;baoji0;34.353611;107.375278;111;530
Denpasar;indonesia;denpasar;denpasar;1190000;denpasar0;-8.65;115.21667;16;531
Erbil;iraq;erbil;arbil;1190000;erbil0;36.316667;44;4;532
Gqeberha;south_africa;gqeberha;port_elizabeth;1190000;port_elizabeth0;-33.91799;25.57007;4;533
Joao Pessoa;brazil;joao_pessoa;joao_pessoa;1190000;joao_pessoa0;-7.115;-34.86306;18;534
Suqian;china;suqian;suqian;1190000;suqian0;33.95;118.3;112;535
Zhenjiang;china;zhenjiang;zhenjiang;1190000;zhenjiang0;32.2;119.416667;113;536
Liaocheng;china;liaocheng;liaocheng;1180000;liaocheng0;36.44389;115.96472;114;537
Pointe Noire;congo;pointe_noire;pointe_noire;1180000;pointe_noire0;-4.8;11.85;2;538
Xinyang;china;xinyang;xinyang;1180000;xinyang0;32.12278;114.06556;115;539
Florianopolis;brazil;florianopolis;florianopolis;1170000;florianopolis0;-27.518;-48.494;19;540
Greensboro;united_states;greensboro;greensboro;1170000;greensboro0;36.0953394;-79.824722;48;541
Lilongwe;malawi;lilongwe;lilongwe;1170000;lilongwe0;-13.98333;33.78333;1;542
Marrakech;morocco;marrakech;marrakesh;1170000;marrakech0;31.63148;-8.00828;6;543
Mendoza;argentina;mendoza;mendoza;1170000;mendoza0;-32.883333;-68.816667;4;544
Siliguri;india;siliguri;shiliguri;1170000;siliguri0;26.71;88.43;54;545
Voronezh;russia;voronezh;voronezh;1170000;voronezh0;51.6699;39.19227;13;546
Chifeng;china;chifeng;ulanhad;1160000;chifeng0;42.26833;118.96361;116;547
Ezhou;china;ezhou;ezhou;1160000;ezhou0;30.4;114.83333;117;548
Maiduguri;nigeria;maiduguri;maiduguri;1160000;maiduguri0;11.84644;13.16027;10;549
Omsk;russia;omsk;omsk;1160000;omsk0;55;73.4;14;550
Wanzhou;china;wanzhou;wanzhou;1160000;wanzhou0;30.9;108.467;118;551
Hanover;germany;hanover;hannover;1150000;hanover0;52.37052;9.73322;10;552
Kumamoto;japan;kumamoto;kumamoto;1150000;kumamoto0;32.78972;130.74167;12;553
Solapur;india;solapur;sholapur;1150000;solapur0;17.68333;75.91667;55;554
Sousse;tunisia;sousse;susah;1150000;sousse0;35.84;10.64;2;555
Southampton;unitedkingdom;southampton;southampton;1150000;southampton0;50.9;-1.4;10;556
Bordeaux;france;bordeaux;bordeaux;1140000;bordeaux0;44.84;-0.58;5;557
Kirkuk;iraq;kirkuk;kirkuk;1140000;kirkuk0;35.46806;44.39222;5;558
Memphis;united_states;memphis;memphis;1140000;memphis0;35.1045447;-89.979084;49;559
Ilorin;nigeria;ilorin;ilorin;1130000;ilorin0;8.5;4.55;11;560
Khulna;bangladesh;khulna;khulna;1130000;khulna0;22.81348;89.56723;3;561
Lianyungang;china;lianyungang;lianyungang;1130000;lianyungang0;34.6;119.166667;119;562
Richmond;united_states;richmond;richmond;1130000;richmond0;37.5537575;-77.4602617;50;563
Saharanpur;india;saharanpur;saharanpur;1130000;saharanpur0;29.96667;77.55;56;564
Shizuoka;japan;shizuoka;shizuoka;1130000;shizuoka0;34.983333;138.383333;13;565
Toulouse;france;toulouse;toulouse;1130000;toulouse0;43.6045;1.444;6;566
Zhaoqing;china;zhaoqing;zhaoqing;1130000;zhaoqing0;23.05116;112.45972;120;567
Banjul;gambia;banjul;banjul;1120000;banjul0;13.453056;-16.5775;1;568
Kayseri;turkey;kayseri;kayseri;1120000;kayseri0;38.733333;35.483333;9;569
Kermanshah;iran;kermanshah;kermanshah;1110000;kermanshah0;34.324;47.074;8;570
Maceio;brazil;maceio;maceio;1110000;maceio0;-9.66583;-35.73528;20;571
Qujing;china;qujing;qujing;1110000;qujing0;25.48333;103.78333;121;572
Saltillo;mexico;saltillo;saltillo;1110000;saltillo0;25.41667;-101;15;573
Odessa;ukraine;odessa;odesa;1100000;odessa0;46.5;30.75;5;574
Pekan Baru;indonesia;pekanbaru;pekanbaru;1100000;pekanbaru0;0.56;101.43;17;575
Sokoto;nigeria;sokoto;sokoto;1100000;sokoto0;13.062222;5.233889;12;576
Cucuta;colombia;cucuta;cucuta;1090000;cucuta0;7.88333;-72.50528;7;577
Jos;nigeria;Jos;Jos;1090000;jos0;9.91667;8.9;13;578
Malaga;spain;malaga;malaga;1090000;malaga0;36.719444;-4.42;5;579
Perm;russia;perm;perm;1090000;perm0;58;56.25;15;580
San Miguel de Tucuman;argentina;san_miguel;tucuman;1090000;san_miguel0;-26.82414;-65.2226;5;581
Volgograd;russia;volgograd;volgograd;1090000;volgograd0;48.80472;44.58583;16;582
Diyarbakir;turkey;Diyarbakir;Diyarbakir;1080000;diyarbakir0;37.91583;40.21889;10;583
Shuyang;china;shuyang;shuyang;1080000;shuyang0;34.114444;118.768889;122;584
Teresina;brazil;teresina;teresina;1080000;teresina0;-5.0949;-42.8042;21;585
Ulsan;south_korea;ulsan;ulsan;1080000;ulsan0;35.53722;129.31667;7;586
Warangal;india;warangal;warangal;1080000;warangal0;18;79.58333;57;587
Bobo Dioulasso;burkina_faso;bobo;dioulasso;1070000;bobo0;11.17715;-4.2979;2;588
Ashgabat;turkmenistan;ashgabat;asgabat;1060000;ashgabat0;37.95;58.38333;1;589
Bukavu;democratic_republic_of_the_congo;bukavu;bukavu;1060000;bukavu0;-2.5;28.866667;6;590
Cancun;mexico;cancun;cancun;1060000;cancun0;21.16;-86.845;16;591
Chihuahua;mexico;chihuahua;chihuahua;1060000;chihuahua0;28.63333;-106.08333;17;592
Jerusalem;israel;jerusalem;jerusalem;1060000;jerusalem0;31.77902;35.2253;3;593
Mwanza;tanzania;mwanza;rock_city;1060000;mwanza0;-2.516667;32.9;2;594
Yongkang;china;yongkang;lizhou;1060000;yongkang0;28.9;120.033333;123;595
Asmara;eritrea;asmara;asmera;1050000;asmara0;15.322778;38.925;1;596
Beihai;china;beihai;beihai;1050000;beihai0;21.48333;109.1;124;597
Calicut;india;calicut;kozhikode;1050000;calicut0;11.25;75.77;58;598
Hofuf;saudi_arabia;hofuf;al_hufuf;1050000;hofuf0;25.383333;49.583333;6;599
Jiujiang;china;jiujiang;kiukiang;1050000;jiujiang0;29.661;115.954;125;600
Mersin;turkey;mersin;mersin;1050000;mersin0;36.79526;34.61792;11;601
Shaoyang;china;shaoyang;shaoyang;1050000;shaoyang0;27;111.2;126;602
Valparaiso;chile;valparaiso;valparaiso;1050000;valparaiso0;-33.03932;-71.62725;2;603
Zhoukou;china;zhoukou;zhoukou;1050000;zhoukou0;33.6367;114.7014;127;604
Dehra Dun;india;dehra_dun;dehradun;1040000;dehra_dun0;30.345;78.029;59;605
El Paso;united_states;el_paso;las_cruces;1040000;el_paso0;31.8483649;-106.43287;51;606
Huludao;china;huludao;huludao;1040000;huludao0;40.72;121;128;607
Irbid;jordan;irbid;irbid;1040000;irbid0;32.55;35.85;2;608
Morelia;mexico;morelia;morelia;1040000;morelia0;19.702222;-101.185556;18;609
Shiyan;china;shiyan;shiyan;1040000;shiyan0;32.6475;110.77806;129;610
Chuzhou;china;chuzhou;chuzhou;1030000;chuzhou0;32.256;118.333;130;611
Dongying;china;dongying;dongying;1030000;dongying0;37.434;118.6746;131;612
Langfang;china;langfang;langfang;1030000;langfang0;39.5383;116.6835;132;613
Najaf;iraq;najaf;an_najaf;1030000;najaf0;32;44.33;6;614
Qiqihar;china;qiqihar;qiqihar;1030000;qiqihar0;47.34083;123.96722;133;615
Guigang;china;guigang;guigang;1020000;guigang0;23.112;109.599;134;616
Hengshui;china;hengshui;hengshui;1020000;hengshui0;37.739;115.669;135;617
Panjin;china;panjin;panjin;1020000;panjin0;41.6;122.82;136;618
Zaria;nigeria;zaria;zaria;1020000;zaria0;11.11324;7.72518;14;619
Changwon;south_korea;changwon;changwon;1010000;changwon0;35.27;128.62;8;620
Khamis Mushait;saudi_arabia;khamis_mushait;khamis_mushayt;1010000;khamis_mushait0;18.3;42.733333;7;621
Louisville;united_states;louisville;louisville;1010000;louisville0;38.209237;-85.7038502;52;622
Tucson;united_states;tucson;tucson;1010000;tucson0;32.221667;-110.926389;53;623
Bremen;germany;bremen;bremen;1000000;bremen0;53.076;8.807;11;624
Fresno;united_states;fresno;fresno;1000000;fresno0;36.7378;-119.7871;54;625
Linfen;china;linfen;linfen;1000000;linfen0;36.088;111.519;137;626
Liuyang;china;liuyang;liuyang;1000000;liuyang0;28.1637;113.6433;138;627